206099863,Frayda,741529650,Room 122
585508252,Veronica,656945272,Room 1732
324993347,Erena,282043818,4th Floor
653198701,Norby,881423363,Suite 6
130627288,Wynny,878148560,Apt 813
246799006,Alfi,983063305,18th Floor
890532801,Marlon,800933280,Apt 1688
331413609,Deva,105310717,Room 1565
376458846,Hurlee,702714638,Apt 444
933213923,Jerrine,638927424,Apt 580
360409019,Concettina,995608684,PO Box 55165
322666596,Rhea,210684322,Apt 1556
620009141,Jeane,498384297,Room 30
837371921,Val,860674900,Suite 92
912433873,Carlie,732217339,Suite 93
941076693,Gwendolyn,382916802,Room 743
935713578,Olenka,912206186,PO Box 92533
871398980,Sheri,883097160,Apt 550
294940328,Laurianne,192420391,11th Floor
993449258,Emelda,627937912,PO Box 15149
143523921,Barde,214886615,Room 1724
911539148,Carroll,599442780,12th Floor
756452956,Nadia,484178991,Room 1037
169496530,Tildi,100768979,Suite 49
437364385,Vale,535600134,12th Floor
612349622,Heinrick,793797424,Apt 1198
670157383,Janith,889512762,Room 1634
905022805,Chick,121415363,Apt 766
511658795,Correy,647802903,Suite 100
419120856,Ertha,806300111,Room 1497
141437405,Ella,835476468,PO Box 34772
937212589,Care,145550636,Apt 1630
881685846,Marcelia,529008075,Apt 973
427688774,Aindrea,654271761,Suite 94
883728313,Linet,135245494,PO Box 84806
391281341,Neils,755559699,Apt 651
672364510,Jolynn,486914162,5th Floor
123217492,Ruby,250002378,PO Box 70986
122241496,Helena,639821737,Room 1911
465082796,Lena,765716381,PO Box 47149
286951072,Borden,903136842,Room 1586
788751696,Jose,381774912,Apt 216
254357525,Rorke,940274740,PO Box 17132
659744685,Zorana,189142974,11th Floor
451831986,Olly,175040505,11th Floor
572989455,Deny,146011618,20th Floor
919096906,Boyce,414999564,Room 540
657780308,Jereme,874955483,Apt 318
807155381,Judie,537092443,3rd Floor
711908043,Tammi,563929888,Apt 1637
795414821,Paulina,448514551,Apt 243
845336118,Nollie,106855779,Suite 77
159983661,Zedekiah,734009448,Apt 1298
260357650,Mill,250241918,16th Floor
939312116,Retha,519146863,Suite 81
794893559,Tamarra,762587622,PO Box 71671
936033508,Sterne,539777453,Suite 81
252730425,Pauly,227116388,PO Box 29388
391681240,Stan,565069183,Room 154
532945564,Rog,530813727,17th Floor
335734019,Electra,126750577,Apt 1694
664487474,Nari,887599535,PO Box 30038
936182269,Emera,721023954,Suite 95
129252636,Elliot,405630601,Apt 657
614663015,Raviv,801131339,Suite 66
954824999,Vern,484159124,Room 1142
813642143,Ethan,578779642,13th Floor
480445430,Melisandra,360108469,Suite 79
790732471,Cindelyn,523276065,Suite 41
208437242,Benny,352292844,PO Box 66728
982270740,Cole,865151361,Room 339
785997789,Connor,203482963,Room 1965
416876821,Fraze,920878103,Room 712
618499198,Danni,973631732,Room 1371
218297100,Hana,342207660,Apt 166
972797850,Faina,854356245,3rd Floor
667988015,Rhianna,428902196,1st Floor
815348297,Tiffany,838895178,Apt 1859
966364741,Leeann,404088449,Apt 1898
229228149,Titos,812521511,PO Box 93277
161947357,Raquela,513270159,11th Floor
842858874,Lita,315830755,PO Box 92700
210264036,Harper,432746450,Room 1527
584101734,Bernie,136996597,14th Floor
543734761,Jenelle,422963727,Suite 35
869155809,Filide,631702528,Apt 1251
395871980,Clement,314995878,PO Box 15856
656144689,Arlyne,254000873,Apt 1700
736426298,Carolin,679444097,Apt 1285
362251489,Glenn,549861300,Room 927
674947817,Beauregard,450441812,Room 1637
910718909,Dur,409931047,2nd Floor
588439594,Reyna,383045454,Room 1728
556798504,Shamus,995686082,Room 740
375924835,Davey,888648720,Room 1031
588228180,Steven,277589998,Apt 1309
493941949,Vera,375737087,Suite 57
419733983,Madelene,233104709,17th Floor
538621143,Theresita,394529869,Room 598
543460064,Ashla,501830980,Apt 1792
244855635,Terri-jo,942203091,PO Box 88432
255224001,Camille,461229824,Suite 63
236931830,Angelle,455158302,Suite 93
934542281,Rubi,844933972,PO Box 94518
180754308,Kaleena,140377487,3rd Floor
708187621,Izaak,107208557,16th Floor
266841494,Jaime,735113159,PO Box 41929
902337749,Tamra,830353435,11th Floor
218658098,Powell,108725219,PO Box 36738
305369585,Ulrika,150190073,10th Floor
992375313,Meghann,234805170,2nd Floor
423894648,Creight,676461987,Suite 53
439269633,Godard,448460954,19th Floor
363482116,Tibold,499688789,6th Floor
573652710,Ines,408505273,Suite 13
834844913,Marty,822878385,18th Floor
780820017,Melitta,369939382,Apt 1215
352374136,Krystle,886492852,Apt 1148
840199460,Web,775555337,Apt 722
751169839,Courtney,440575892,Apt 1142
545181149,Noby,623240599,PO Box 26678
127748323,Rhona,253917541,Room 626
133872230,Christian,666631641,Room 2000
430628326,Bobette,734242959,Room 496
514445438,Giacomo,743589076,Room 1156
570721587,Ambur,451529756,Apt 638
972342566,Liuka,867948481,11th Floor
120800960,Filmer,250479225,Room 1476
288489835,Constantine,101504163,Apt 1490
769844984,Loleta,807285150,Apt 464
492334728,Kenny,295284278,Room 248
590507617,Kennith,663097838,18th Floor
921668724,Jannelle,815039397,Suite 87
313197340,Adora,359666876,Suite 50
877178245,Tabbitha,143109521,Suite 60
696140635,Shoshanna,242914195,14th Floor
557120173,Suellen,593492937,Apt 1752
737340445,Gavan,413347640,PO Box 41498
953071732,Ariel,432880245,PO Box 58827
540162160,Shaylyn,793033566,2nd Floor
818380874,Chaunce,463302512,Room 582
332453151,Ronny,910358327,PO Box 69685
361147895,Sophia,631442819,Suite 48
904551650,Jillana,889399792,Room 918
338389043,Gladys,505541902,PO Box 85101
338074533,Alexio,444690624,6th Floor
723594375,Ronna,714605520,Apt 500
619155948,Lewes,817293524,Room 296
124712365,Ferrell,405251120,PO Box 78660
429226949,Nara,600228011,Suite 11
866719233,Regine,491330100,1st Floor
795556382,Hannis,693910836,PO Box 37125
676131188,Kellia,531383326,PO Box 60545
157916092,Oliver,379389405,PO Box 53460
298034163,Raye,209055681,Suite 45
912599445,Carlotta,230993679,Apt 85
144729456,Hulda,459859021,Room 1450
997151453,Jeri,226065827,Apt 1910
296563529,Gianni,978235090,7th Floor
678326223,Flinn,816363157,Apt 582
933085409,Roby,616098606,Room 1258
969171668,Lauren,644273414,PO Box 66619
358807700,Rivkah,876048594,12th Floor
898957599,Madelin,570565924,15th Floor
375521370,Dasi,704331451,PO Box 65720
539070118,Cirstoforo,873815736,Apt 294
184515168,Cleon,894214408,PO Box 38600
631769867,Tracy,879351480,Apt 224
939588251,Myer,828196554,PO Box 45581
782454609,Cordelia,693174746,PO Box 67438
108271938,Morgana,241712897,Apt 1422
167235521,Germaine,425414273,19th Floor
239247108,Gregoire,508186723,Apt 1717
472664302,Gert,127563678,PO Box 20894
430594154,Marlo,878184910,PO Box 12753
414217008,Normy,256602457,Suite 43
727277399,Brnaba,749065373,Apt 695
225600772,Norry,823031009,PO Box 50146
256282652,Ulick,838207150,PO Box 91309
819755862,Rachele,503017902,Suite 22
878093629,Serge,134386597,Room 715
885523776,Katha,879831752,Suite 1
161291498,Webster,593879888,Apt 206
975378844,Karmen,972641073,Room 1538
313992818,Von,563521333,13th Floor
602023592,Dominique,338238323,Apt 110
687969291,Derry,713365087,Suite 84
200098522,Nara,270086086,Room 710
480049737,Zelda,658088728,Room 1475
833039215,Brietta,312086552,Apt 961
783623901,Kristel,389155181,Apt 507
250000334,Bambie,182598383,Room 1019
221576031,Rem,378055188,PO Box 30589
793173889,Clarita,478206855,Suite 70
532002847,Florida,161277882,Room 770
368142423,Felicio,792994979,11th Floor
187929300,Kalil,994546998,Room 1229
568248483,Vasili,423908562,PO Box 90429
904921724,Clint,705536360,PO Box 8950
667697141,Sadie,482726011,Suite 79
614833404,Cord,277394822,Room 1952
595782811,Karoly,582249235,Suite 11
233406394,Kalli,142052202,Room 1301
638630408,Billy,912987204,6th Floor
913698141,Wolfgang,357854108,Room 1423
341289860,Trenton,799763448,Room 386
618845302,Miller,472857469,Apt 1882
765891489,Melodie,675019223,PO Box 23460
705646554,Cybill,852669176,Suite 77
101338369,Neel,845948829,Suite 28
171366656,Estel,859403894,Apt 614
339443875,Hermine,882688790,Apt 265
903895708,Kit,120399983,PO Box 11996
658214438,Glynnis,465849804,13th Floor
350913187,Heath,486033990,Room 1693
836788425,Eda,456732209,Room 1386
606834166,Justus,323181752,Apt 143
397216540,Lem,902358590,Suite 96
310262809,Emlyn,392098013,Apt 690
778743368,Darell,970709773,PO Box 74376
480087039,Gaven,648513963,Room 1645
838598715,Catie,303720415,7th Floor
198844795,Dewain,786160525,Room 1568
365470574,Udell,674921840,6th Floor
638374240,Lalo,177775824,Apt 166
528496600,Madelena,597215591,Suite 43
226139793,Bat,885509226,PO Box 82260
761926861,Lind,275828083,Suite 16
481323248,Andra,852457444,Apt 1818
970295310,Casper,628021213,PO Box 68182
375170138,Perice,739484805,Apt 1503
598679057,Donielle,676272373,Apt 1715
653903390,Benson,693604340,Suite 68
148964434,Carri,206332344,PO Box 82793
549642722,Gael,540094601,Apt 1963
167715749,Dicky,456019409,12th Floor
197601350,Sully,720648719,PO Box 20196
240453404,Evanne,986243076,Suite 10
751297110,Ardella,677277806,13th Floor
389788139,Caz,313198451,Apt 1674
969520077,Fancy,780308858,Apt 1130
491988008,Philipa,683464189,Apt 431
176651713,Fawn,409171243,Room 1997
961172075,Hartwell,180272237,PO Box 94553
345767298,Kacy,699285347,Room 348
425435307,Cart,991361424,Room 194
956721615,Chanda,292098335,Room 555
745167953,Bord,286448864,Suite 24
790555824,Ajay,886153105,Suite 77
520955574,Leisha,508939110,Suite 17
594624903,Avictor,160249856,PO Box 65512
752251557,Kelley,185146626,Suite 80
612961452,Ester,917743323,Apt 183
397113486,Basilius,836438583,Suite 2
876343908,Catriona,862354510,Apt 470
987577298,Shannon,185048957,7th Floor
676646558,Katharina,949935532,5th Floor
931622575,Georgie,118224119,Apt 543
378447105,Clemmie,384205680,Suite 2
899592157,Andriana,185078115,Room 1410
111103498,Catherina,933946538,Suite 46
693271341,Pierre,317898619,PO Box 93704
913460151,Isac,101154625,Apt 1314
196406479,Avram,256993058,14th Floor
432293419,Ebony,999205691,19th Floor
536877772,Ollie,421929553,Suite 1
225383203,Debbie,307735396,Room 709
721911047,Nicolea,711423814,Room 1428
177996047,Lowrance,326147243,Suite 34
744089930,Sherwynd,144150379,Apt 18
629631063,Agata,193264366,Suite 29
903890061,Oralla,968584059,Room 1193
957038897,Reagan,792665798,Room 1606
429226888,Shaina,750228532,12th Floor
537241144,Cicily,339082737,Suite 20
929049523,Nerissa,546488205,Room 842
360514693,Erinn,818745340,Suite 27
915070141,Laurie,714267719,PO Box 51909
978402996,Walliw,429592503,Suite 53
631457931,Corene,494130464,Room 833
293898119,Rois,998853626,Suite 30
782914837,Colleen,764066758,Apt 766
914970754,Judas,787843534,Apt 981
826406849,Myriam,242110537,Room 1228
105756604,Jobi,919824918,Suite 10
190656311,Maisey,441368356,PO Box 40776
329402585,Cassius,815078449,Apt 282
259475153,Nelli,424133187,13th Floor
972287886,Xylia,442374953,Room 1539
567517682,Nikoletta,679351901,Room 1784
662473826,Amargo,985400458,Suite 88
598858230,Noak,664406048,Apt 632
207005388,Codie,763222070,Room 128
280167572,Justin,596457360,1st Floor
409512513,Reinhold,768901577,Suite 25
815265047,Devinne,662091550,1st Floor
320449517,Allard,159167781,PO Box 26496
600651318,Field,987198629,Suite 72
674370749,Berrie,233728326,PO Box 47911
509955566,Celisse,689957488,Apt 293
302409657,Stephine,850451366,Suite 90
303047467,Rhona,707184186,Apt 109
515553730,Skipp,729876393,Apt 1822
546278119,Harrison,462113563,Suite 76
707309468,Mathilda,761896774,Suite 7
483436931,Marchelle,395768697,Suite 66
386097284,Marcela,680172248,Apt 209
305535813,Eydie,384697087,Suite 90
972671514,Benedict,321769144,13th Floor
864245585,Jerad,943372647,PO Box 98960
406278957,Tallou,270632833,5th Floor
191799449,Aguistin,452582864,Apt 1334
893607241,Kynthia,971930231,Suite 61
840427243,Willamina,917938461,Apt 1072
882397313,Valry,924862760,PO Box 26581
614065736,Rosalinda,339141935,4th Floor
501826834,Othilia,779737129,4th Floor
364310137,Renado,107037485,Suite 73
847430800,Hernando,393344513,PO Box 71373
855164174,Lolita,799463107,PO Box 23354
449782048,Bruno,234104466,PO Box 30222
242696425,Chancey,885112559,Apt 1741
438691540,Lisha,873468446,Room 372
545880599,Yoshi,983066656,9th Floor
472706758,Christiana,987112006,Room 1950
371826842,Kaitlin,415091371,9th Floor
791636150,Rustie,779309828,Room 100
613918764,Morey,677411662,Suite 50
116527160,Regina,695987729,Suite 17
664843444,Cross,668891643,Suite 75
963688454,Karney,574327484,PO Box 5299
423050968,Barnett,873370441,Apt 802
601275833,Daria,946681907,Room 1871
733450324,Linnea,222383690,4th Floor
324711044,Carney,281440824,5th Floor
156432733,Helen-elizabeth,627742015,Room 1569
222579330,Jana,698634836,5th Floor
295172377,Ardelia,989653756,Room 1354
183501015,Brien,744731695,Suite 13
929348865,Jeni,268696464,Room 295
990721941,Pippa,840924886,Suite 38
501088561,Curry,387604052,6th Floor
397082598,Honoria,524219102,PO Box 39398
840003024,Dane,568100688,Apt 1045
661501490,Vale,355490102,Apt 527
419534688,Georgie,384769356,PO Box 24585
551323722,Vere,351316719,3rd Floor
931608717,Dionysus,344748235,PO Box 50647
254803551,Riki,626201223,9th Floor
421723058,Aimee,300653374,6th Floor
604666394,Oliviero,119386116,Apt 400
369802435,Sherwynd,785899079,Suite 27
329619162,Masha,425781803,Room 226
817202591,Lorna,363035417,6th Floor
172172407,Merill,894164148,15th Floor
756340360,Shannan,776101111,Room 1983
938181185,Grove,462104521,PO Box 33824
113658978,Henrie,952779736,PO Box 46719
936891939,Vanni,180197261,Room 79
967309704,Maison,350008295,Suite 34
780292601,Hayward,448469588,17th Floor
389764219,Carling,372427578,Suite 42
743964806,Nydia,363724913,Suite 67
781213987,Betsy,453585945,Room 382
271130383,Ardyce,950162444,Suite 60
263449210,Tiphanie,563305517,Suite 1
727023281,Keith,715575504,3rd Floor
882387787,Kyrstin,985994733,Apt 1925
892613521,Jocko,751423385,PO Box 79622
932686880,Helga,605928422,6th Floor
364524338,Mable,514716581,Apt 1899
310947482,Clare,959625937,PO Box 7202
276542170,Alasteir,576683253,Room 1101
870719779,Nadean,343159074,12th Floor
307685796,Doloritas,991698571,Suite 18
244231229,Leon,862569968,Apt 1900
733949901,Valina,733539987,Apt 841
611433521,Abeu,325217821,Room 959
919586559,Antonietta,794844695,4th Floor
206074968,Lucina,296878118,Apt 270
415035230,Bernarr,676265371,Suite 31
279374687,Filmer,682349675,2nd Floor
745638587,Mordy,781926451,19th Floor
952722908,Suzanne,686596606,PO Box 26020
734943206,Nevins,112214131,Apt 62
470267764,Madelina,559668449,Suite 54
325556120,Ayn,486455561,18th Floor
664725225,Dorrie,376211394,Room 127
331742178,Tamar,277382353,Apt 1106
305830342,Inessa,145186681,13th Floor
684017824,Kippie,505748846,PO Box 77990
901883195,Regen,152748406,Apt 139
186538092,Correy,421213268,Room 1121
720458929,Sandy,746852648,Suite 39
184065286,Lay,739929662,Suite 15
240775473,Georgette,324455889,Apt 994
509566432,Shellie,874357172,PO Box 44469
538509322,Bink,297358882,Suite 53
905177288,Gaylor,159041392,Suite 4
911061152,Denyse,141077807,Suite 25
751524383,Lexy,612567672,PO Box 61254
734812684,Nanette,104955117,Room 1742
501837563,Una,174956335,Room 1258
877016062,Iona,304939677,PO Box 96035
399383462,Harriet,784961325,1st Floor
441178654,Fields,169877398,Suite 52
949470270,Luigi,529375640,PO Box 47911
983503905,Dasya,832779979,Room 1051
214489878,May,189637559,Suite 14
600631192,Heda,915195582,PO Box 45486
968320869,Elden,705240923,Room 1742
808587781,Bonnie,990218032,PO Box 97245
772085638,Maje,335405891,Apt 1423
300318017,Herrick,883906259,Apt 1670
360163159,Lisetta,215627758,12th Floor
818727208,Sheri,806218546,10th Floor
346346790,Katy,238099791,Suite 70
236883683,Melania,245679129,PO Box 60913
924175914,Rowe,735942220,PO Box 33894
433910779,Maisie,499287891,Suite 48
354709361,Brucie,137326987,PO Box 62482
531878339,Simone,235777778,Room 274
750220008,Elmer,640229442,5th Floor
441454078,Caressa,845789138,20th Floor
937867599,Kellen,559039116,PO Box 76393
235985681,Samuele,153088660,4th Floor
136392117,Clarita,996610384,Suite 9
524172216,Zolly,910013173,Room 1222
483660334,Elane,659842859,Suite 43
542414484,Fan,545918491,Suite 59
403199862,Chrystal,573761598,Apt 393
346422834,Margalit,616062424,Room 1493
562947196,Briney,444172953,PO Box 81985
720685806,Teador,581755793,Suite 52
347644393,Arman,875512706,Apt 1304
242829286,Elbertine,226418219,Room 1241
322123833,Siouxie,303741233,Room 913
850682682,Dennie,927419336,PO Box 7488
515393027,Avram,799573031,Apt 275
473314269,Aluin,895990662,Apt 601
515324815,Daryn,936346276,Suite 91
468388247,Vanda,901403047,PO Box 98282
819420946,Waneta,962878668,Apt 1884
293784432,Cristobal,574302566,Apt 1132
615929906,Rozelle,810277087,Room 495
984986305,Napoleon,798757725,Apt 735
473622576,Izaak,656631537,5th Floor
182759684,Gloriane,386843265,Apt 1615
756871054,Theresita,838011798,Room 1742
439191111,Kania,142180694,Suite 21
268280521,Jase,927145484,Room 1488
690394527,Ned,453687067,Room 197
450306751,Zach,899895366,14th Floor
276290354,Abagail,379143235,PO Box 86285
613037192,Joletta,657664651,Room 691
944333033,Earl,591658155,PO Box 85808
112139350,Etta,166850399,Apt 1127
602207824,Sylas,591189467,10th Floor
321410164,Orran,982945682,PO Box 595
535688261,Eleen,666260429,PO Box 15152
849969857,Spike,852623078,PO Box 14067
806656009,Justino,208592924,Suite 26
154021599,Selena,890012258,Room 1093
285431596,Rebecca,179989202,9th Floor
214564476,Teodor,574683933,PO Box 29931
852933907,Niles,580945706,Room 1713
869419391,Myra,741069507,Apt 1808
341726851,Emmy,327999380,Suite 13
342533200,Lauraine,549622925,Room 228
578753877,Erasmus,128198470,8th Floor
497590869,Lyndel,974795730,Room 1459
833734793,Pamela,674953172,Suite 22
698868335,Blakeley,172923544,Suite 23
746404754,Gabriela,709518971,Room 315
170854669,Ramsay,885150116,Room 948
992566282,Cordey,135243448,Apt 130
971232726,Roderick,533430400,Suite 1
290126970,Cassie,231500214,Room 919
974926175,Wendell,446110924,Room 710
657505534,Adel,601723147,Suite 93
867623751,Barbara,824860217,PO Box 37988
496798401,Mano,520899135,Apt 906
428976058,Mayer,644627338,Suite 72
263691836,Jacintha,334828896,Suite 5
394684541,Elsy,957509942,Suite 14
521223030,Guenna,870487882,19th Floor
191395832,Margareta,651539050,Apt 1947
548213620,Nathanael,877940309,PO Box 10307
311982007,Cullen,298732640,Room 227
355999138,Samantha,389092073,PO Box 74105
845440700,Fionna,675947864,Suite 51
543496720,Toinette,978198645,Room 5
443685810,Rosco,928622640,3rd Floor
286659304,Saraann,481495192,Room 726
155132279,Marcie,245620905,19th Floor
586611235,Theodoric,920762533,Suite 5
665601929,Drusilla,247218906,Apt 1060
794824596,Phillis,735245731,Apt 840
321914870,Zacharie,562110638,Apt 1864
724793146,Marlyn,768523377,Apt 1235
513547034,Katlin,494195123,Room 671
724299101,Daisie,700145558,Room 1771
611097426,Lorain,241076601,17th Floor
220411427,Temp,581384208,Room 814
933375785,Cindra,830972471,Room 1751
499009013,Robinetta,182504770,PO Box 6183
487913524,Spike,303014200,Apt 1902
639945472,Bertine,452143521,PO Box 71798
994691602,Valentine,743698656,2nd Floor
179934466,Skell,261822316,Suite 95
415636579,Renae,416225317,19th Floor
330131547,Marielle,410495171,Room 1889
347752571,Sheila,856921965,PO Box 64488
966564480,Clarinda,252416790,9th Floor
839602712,Zorah,145057005,Room 929
560301929,Anne-marie,988074512,Suite 43
477349747,Angil,538089775,16th Floor
605271019,Midge,607937316,PO Box 67489
163136034,Garek,321670185,PO Box 46637
308597107,Spense,430988691,9th Floor
220809643,Arlee,384285460,Apt 982
993372139,Jo-anne,355704847,Suite 53
263153377,Avictor,176316581,PO Box 23090
637969243,Olympe,485617762,Suite 61
150302534,Nevil,450365013,Suite 71
174326387,Ruttger,630200382,PO Box 72008
779707486,Rob,323050381,Apt 1727
529259439,Sonya,337948302,8th Floor
313495015,Gran,102733961,Suite 96
285387765,Lucho,351723738,Room 1260
462867203,Gustavus,242115673,Apt 851
435218460,Noreen,913628475,Room 1588
498642064,Davidde,219490920,Suite 95
578577344,Smith,407198901,Suite 60
934864167,April,684346317,Room 181
937155540,Bradley,272799292,Suite 44
916949043,Sandra,544250865,Suite 6
861643678,Vinny,262837847,Suite 87
209155231,Sterling,126438450,Room 1263
180528679,Lee,697712354,Apt 435
873760911,Noelani,371347877,12th Floor
492410372,Sylvester,787627341,PO Box 40370
382238494,Adelaide,690594127,Suite 8
892180492,Rooney,383937274,Apt 1592
625826953,Arielle,794605702,PO Box 80796
154542493,Hilton,688681136,Room 391
309031612,Nanny,288785529,Suite 58
566256845,Arleyne,323789796,PO Box 43424
332511446,Claresta,933442160,Room 610
231650066,Edwin,222330436,Suite 57
883311964,Reilly,190828069,Apt 1791
566883876,Kristopher,235978881,Apt 497
396052708,Nessie,922200818,7th Floor
745287341,Nadean,173232777,PO Box 2899
839692700,Batsheva,454878327,PO Box 13927
332040785,Eugenio,335961958,20th Floor
450136255,Ranee,281357337,6th Floor
631588280,Maria,523940011,1st Floor
535548410,Agnese,472931726,Suite 100
599816914,Osborn,642783888,2nd Floor
285413989,Jany,296962106,Room 1266
562094310,Alia,342619304,Suite 15
604710423,Lidia,638807209,Apt 987
155457037,Nataniel,446730321,5th Floor
716658507,Killie,644281965,8th Floor
160650231,Meyer,585525402,Suite 82
144594302,Dermot,331023299,Room 1550
470507044,Dre,694092468,Apt 1693
396207067,Torie,604548601,Suite 86
495178457,Jourdain,127624282,Room 1303
409814198,Luigi,699280825,Suite 98
827751715,Alejandra,447816554,1st Floor
780596655,Norris,355930452,18th Floor
633135405,Eugine,488618220,PO Box 47877
529161346,Del,761348542,PO Box 98580
835282959,Sara-ann,430337287,17th Floor
159540753,Francklyn,748532720,Suite 100
984242562,Carlen,163122928,PO Box 49251
992245130,Roth,376160325,Apt 1269
931480673,Vlad,645423842,Suite 88
184057056,Gabriele,990529999,Room 350
466218825,Garold,129299365,Suite 56
343048822,Dianne,469442378,8th Floor
348563613,Fransisco,520834742,PO Box 20172
802221887,Judd,729009147,Room 841
715204374,Colette,941728476,Suite 83
844354504,Jaye,711751031,Apt 880
859705408,Kassandra,282491826,Suite 86
552680410,Anabal,986579443,PO Box 48115
733882896,Cirstoforo,126718579,13th Floor
832675349,Bucky,191899823,20th Floor
224148971,Robbyn,864645289,18th Floor
148325522,Lon,704557077,Apt 594
963431759,Ruthie,200147434,Room 709
999791051,Benedicto,985101782,Room 913
278168811,Theo,792003283,Room 1419
521757718,Kurtis,234161032,4th Floor
486462078,Billy,101479406,Apt 693
665816217,Ardra,975375107,Suite 92
535350308,Gareth,890063201,Room 623
311937388,Dulsea,593565275,PO Box 54109
260997360,Lisha,647570390,Suite 74
784906775,Bette-ann,777721260,PO Box 85006
341953490,Christy,437109956,PO Box 68177
447073241,Kippie,101984919,PO Box 10274
546315922,Xever,109548202,Room 968
247307199,Parker,317567066,Room 221
395504735,Edgardo,318922367,Suite 61
378430065,Marla,902122562,Room 1830
992089792,Amalita,611175938,Room 1452
269371900,Godfrey,303276337,PO Box 78089
728090554,Laurie,184927702,8th Floor
350713567,Louis,838995339,Room 1725
838526587,Mignonne,976137721,Room 1253
263618974,Donny,830209825,Room 427
771777104,Elke,579563560,PO Box 56978
445368233,Ben,707351265,2nd Floor
600618904,Venus,880085880,Suite 18
144930648,Michel,195300789,Suite 70
700538298,Dasya,564072848,Apt 18
680551442,Kimberley,206194386,Suite 46
498304603,Ryon,133801300,Apt 282
368430265,Georgia,915871323,Apt 834
126222615,Euphemia,177471465,13th Floor
373597966,Travus,774929831,18th Floor
590381764,Guillema,230918857,Room 486
136064282,Renard,173243239,Suite 88
811708183,Papageno,995971447,20th Floor
918843298,Abraham,715569767,Apt 1221
544608702,Chantal,247385902,Room 57
307077687,Worthy,302017359,4th Floor
394378587,Martha,551215431,Suite 37
811585701,Knox,964000604,Room 811
214626100,Moise,873640983,Apt 161
889296645,Elnora,946902089,Suite 2
176480592,Grace,611419345,5th Floor
526853010,Nels,437050537,Suite 91
436420271,Koralle,526504134,Suite 19
342951732,Orbadiah,914644497,Apt 1571
617181896,Olivia,681144368,Suite 31
623463007,Annis,802432609,PO Box 46191
723624565,Launce,607561754,Suite 43
560656768,Nickey,136199082,18th Floor
289162584,Lee,469116497,Room 367
405582550,Janella,314387921,Suite 73
994385673,Taddeo,928144985,Room 1954
415263004,Garrick,263263743,PO Box 59151
173716116,Licha,480544128,Suite 67
234899139,Brocky,700588351,18th Floor
388945528,Binny,482917997,PO Box 87678
868378154,Lita,388640163,Room 89
974329652,Bevvy,850361851,Suite 30
217290759,Rock,241681581,Suite 97
891743757,Gwendolen,302317323,Room 113
360016070,Edeline,498521315,PO Box 85753
991812888,Harman,235028173,PO Box 91986
170962405,Siffre,881541638,Room 220
321509012,Jorry,601713179,Suite 54
848810027,Ali,103937758,Room 1082
699924875,Hewett,187338595,PO Box 95307
955377344,Zea,927192640,15th Floor
748532181,Des,858222712,Room 1464
420977214,Gawen,165104636,Apt 1517
209681170,Linnie,956233507,Room 1210
239673200,Kurt,896201739,Room 1890
284829273,Starr,479420323,Suite 55
419399062,Giovanni,662014223,Room 1352
623783936,Park,894034933,Apt 239
291378198,Beatrix,711035740,3rd Floor
655749843,Jere,457861232,Apt 249
405342292,Colver,605306239,Room 1582
211569537,Giustina,163395508,Room 1128
369741008,Amble,546866582,Room 612
942845383,Brinna,628850367,Apt 717
304017948,Randie,200475098,Room 1299
952783660,Beatriz,898540245,5th Floor
525121264,Ranna,836468515,Room 1492
193746371,Celestyn,806286091,13th Floor
784291676,Gardener,737829636,14th Floor
199954605,Sayer,995450471,Room 340
197675250,Concettina,509531700,PO Box 78416
897661372,Sherie,560324806,20th Floor
591672744,Marcellina,709849395,Apt 826
355863581,Thor,323526764,Room 925
117945608,Dukey,138002075,PO Box 70155
501172701,Aharon,282157239,14th Floor
539339494,Tiffanie,212889274,Suite 2
928693262,Jard,627894202,PO Box 85859
615253898,Aurelea,440598361,9th Floor
554848985,Jacquetta,458852852,13th Floor
988118263,Hunter,821316142,Room 1494
655080777,Ilysa,309066540,16th Floor
684985389,Hyacinth,917810332,Apt 1429
425660199,Alley,645983752,Suite 9
484684077,Ardeen,293060111,PO Box 66225
580588170,Juli,844072340,10th Floor
858921789,Marigold,956459951,Suite 69
965577402,Jared,839865033,Apt 783
669405408,Lorant,310695226,Room 629
952489629,Julietta,994931428,Room 1465
758119022,Garwin,770638123,Suite 23
929803615,Rouvin,278754812,PO Box 3033
994373914,Larisa,193297326,PO Box 30197
166783490,Bette-ann,711004659,PO Box 99555
365582617,Tressa,207144833,18th Floor
168439726,Lanny,500979801,Room 1757
187363117,Linoel,605799897,Apt 856
367616225,Hadley,241576409,Apt 1046
598700440,Tonia,144573403,Suite 30
199282967,Laverna,297343371,Apt 1262
222622281,Grady,643848541,Suite 1
226175905,Vittoria,677628855,Room 1050
997259820,Ricki,127558442,Suite 17
422292494,Tessa,753051172,Suite 86
317894179,Aubree,767118036,Room 376
165660005,Morlee,378964905,Apt 352
356312235,Kissee,312275422,PO Box 88483
386498906,Dinny,288553667,Suite 95
297483312,Gilburt,618908909,Apt 476
712368077,Edik,945190073,Suite 6
898267597,Man,278748387,PO Box 35279
431116202,Mallorie,850883343,Suite 61
186769293,Livvie,311923456,18th Floor
704146879,Adara,922684954,11th Floor
563084094,Moses,645476398,13th Floor
334587173,Winn,612817697,Room 1106
479272684,Gelya,979195899,PO Box 42849
814685998,Ignatius,849217840,Room 1678
163714863,Coral,120129569,Room 427
816421058,Veronique,298809896,1st Floor
904269335,Giordano,628238395,Room 1083
863490917,Rheba,873081924,Apt 1425
890601893,Yelena,820748554,Room 1630
497481534,Jodee,905485911,19th Floor
670658087,Analise,452583943,9th Floor
710216707,Cece,271517835,Apt 924
111074510,Revkah,994635092,PO Box 8871
943000025,Jerry,498144970,PO Box 50240
742050473,Norry,815753379,Suite 91
643810494,Shela,197541675,Suite 73
631148138,Shelli,211970812,Apt 1954
901693628,Pavia,171394721,3rd Floor
781625725,Barbe,733921178,20th Floor
836019425,Willabella,902097204,Suite 85
286963235,Maxie,809415780,Suite 91
379200203,Lilyan,523255705,6th Floor
903190185,William,168928063,PO Box 87552
194573352,Hana,229802186,PO Box 31760
311746598,Jordon,258099062,12th Floor
486964821,Isidora,387844543,PO Box 34312
548266035,Nevin,224414548,Apt 1442
195556756,Brendan,347212211,Room 1650
328312827,Julienne,884412259,Room 152
721599667,Lothaire,964718554,Suite 22
807358966,Chrystel,670834537,PO Box 63169
444125764,Gaspar,111381110,PO Box 3729
436760847,Emilie,867055114,Room 850
515744005,Darice,194027623,Apt 753
381811691,Benton,884174632,9th Floor
620091123,Shane,559542022,17th Floor
763160968,Dasi,623036041,PO Box 62542
561947921,Millard,159788915,PO Box 70155
160956806,Kristofer,140251150,Apt 1244
108401266,Abigale,758816012,Suite 26
273880179,Marge,464484443,PO Box 393
226479281,Lorilyn,168464565,PO Box 84906
629385641,Anica,577988656,Room 1428
292628670,Claudius,182203582,Apt 434
304500294,Rogers,957257970,PO Box 16031
496706943,Hobart,665301142,Apt 506
369695326,Damon,582947366,17th Floor
937988364,Leonidas,509802812,PO Box 57546
762446731,Zelda,395762092,PO Box 4609
721794499,Charmain,945907109,Suite 24
934030900,Gerome,311213082,11th Floor
321930805,Tobias,585996669,Suite 84
999925871,Gerick,792318984,12th Floor
978213705,Beverie,809773707,PO Box 33612
865494392,Javier,668026553,7th Floor
482440368,Regan,631963499,14th Floor
727422462,Seth,577531224,Suite 34
571165131,Lee,599217375,11th Floor
986227513,Jewel,353654372,Apt 254
155259089,Nancey,644351842,PO Box 29510
450220636,Elspeth,979482810,Room 630
966815361,Megen,126053596,PO Box 46911
779832478,Alysia,367318304,5th Floor
196699659,Eloise,723097292,PO Box 71199
749641293,Eran,824386387,8th Floor
453710728,Iorgo,939119785,Apt 277
752318797,Lindsay,796655812,Apt 1303
897823598,Nefen,205593142,14th Floor
727292868,Petunia,476799347,Room 1513
218394090,Tedda,877974605,12th Floor
748838756,Nickolaus,973374558,Apt 1879
308600486,Dulcy,959980080,PO Box 87945
671732093,Hashim,655959038,Suite 56
953617889,Orelia,280208853,Apt 1379
747786880,Ddene,461248103,Suite 69
911841340,Jeremy,952208154,PO Box 40014
543075909,Eli,575389928,3rd Floor
535436805,Tonnie,624847604,16th Floor
540200126,Melvyn,524957072,Apt 267
335901970,Heather,564367223,PO Box 90322
800368263,Robinet,635288958,PO Box 64940
738455713,Tiphanie,551497419,Room 186
611904758,Michaelina,723601879,Suite 71
314635509,Chauncey,645769062,PO Box 94244
768508677,Pansy,429452374,Apt 1153
195636697,Willy,666952608,Room 1122
893152983,Leonardo,865460616,Room 870
452510130,Eadie,672670127,Suite 55
849553568,Marlow,496248423,16th Floor
709238880,Ingmar,476437755,Suite 89
571176306,Dav,781025964,PO Box 74409
835402212,Corabel,356448993,Apt 1903
199709730,Myriam,452334529,4th Floor
562695503,Nev,412544455,Suite 7
338289339,Cecilius,375693800,Suite 16
805609387,Adelind,296895997,Apt 578
395462830,Elsi,360066607,Suite 41
744481449,Alfi,977998063,Apt 748
940651176,Carmelle,832954416,2nd Floor
153717847,Faun,213043818,2nd Floor
961881068,Corissa,628936800,PO Box 94103
408588304,Rhonda,480789780,Room 102
701658642,Hayyim,273678951,Suite 72
842680219,Garv,504102258,Room 1480
537791374,Dela,680604662,PO Box 70025
116792096,Sindee,197610469,10th Floor
677434670,Pincus,132067637,3rd Floor
408378530,Viviyan,880747823,PO Box 68560
592170468,Rudd,334558513,Apt 1833
980111580,Frank,132767770,PO Box 13388
168781712,Terence,642175773,17th Floor
611837032,Nickie,749533045,13th Floor
800996804,Elsbeth,245538275,Suite 72
715315470,Meggie,161673805,Room 1220
606572459,Yale,411318618,20th Floor
166822949,Reginald,635810806,Apt 1939
959489376,Antoinette,646085543,11th Floor
228585203,Dot,659117988,Apt 1173
538401717,Alvina,946500948,6th Floor
179693338,Hort,106181551,Apt 386
747204222,Winnifred,942526609,Room 452
211483075,Jerrylee,636713231,Suite 98
789851173,Gwenni,603786803,Room 1958
375792255,Reinhold,297348871,18th Floor
477544532,Sunny,913871521,Suite 54
958678133,Morse,882921871,Apt 344
109912195,Cindelyn,237184338,17th Floor
320275042,Opal,253783980,Room 816
536303789,Rosalie,562039137,8th Floor
606875386,Kincaid,105133573,16th Floor
517758099,Robinet,671094681,16th Floor
340519086,Christopher,803665838,5th Floor
924343800,Marleah,404344788,Room 946
187634146,Tanya,911110781,Room 594
336227330,Aarika,746547908,Room 419
904311357,Ellery,313166617,PO Box 78585
184703528,Judon,709062639,Room 1463
266939141,Tremayne,949915995,7th Floor
103512275,Norry,279999702,Apt 634
848657940,Jaquelin,544339224,PO Box 30239
974801300,Gib,584980214,Apt 1034
937649002,Cissiee,999607083,PO Box 46299
545882257,Loraine,350468964,PO Box 52524
739451579,Hermy,213823296,Room 430
677653706,Con,715071701,Suite 82
915101161,Corly,738574985,Apt 1329
893653593,Kalie,198674671,Suite 51
966192104,Willa,325116339,Apt 660
398831192,Roanne,415559595,Room 244
150951398,Dorrie,407625123,Suite 74
307358358,Patsy,146594603,Apt 1487
842613755,Nester,323025812,Room 236
762363592,Chandal,107482597,Apt 1880
893977928,Cissiee,836313700,Apt 1645
400610593,Pip,528226333,Room 1209
738638532,Grace,365501093,19th Floor
458605161,Nanette,716060431,5th Floor
162594931,Lianne,106028782,Suite 90
584199633,Maurizio,127623185,Room 585
558303427,See,692073355,Apt 1121
990246902,Letti,829707324,Suite 3
285147741,Curt,140783871,Apt 60
679480610,Mariam,371213007,Apt 467
487052500,Gennie,979834497,PO Box 90934
725119698,Daphene,318170750,Room 1761
501949696,Flo,205517122,Suite 79
175508260,Herschel,508364797,Suite 10
365808572,Nellie,618488688,Suite 11
679223743,Benni,293804188,Room 607
242438754,Andres,466949690,Room 399
289170984,Hally,492726000,12th Floor
582302544,Kylie,218771606,5th Floor
130022552,Pammi,651210899,PO Box 54029
712245836,Giles,935101023,PO Box 77304
751045658,Katine,177630863,Room 1213
839921647,Georgianna,478286720,PO Box 10429
201282594,Rachelle,660363592,8th Floor
680876857,Catherine,467206975,Suite 15
347359750,Vin,527165016,20th Floor
987178539,Nataniel,404674625,2nd Floor
898412278,Adorne,615895797,Suite 9
432987038,Chadwick,418791811,19th Floor
723038794,Bette-ann,522676050,Room 210
724287995,Corella,491967688,13th Floor
494586201,Mellisa,831637574,Room 1766
965356031,Rhett,837877030,PO Box 44881
557823245,Sella,441797213,1st Floor
128024765,Dorris,230041688,Apt 1657
589901189,Winnie,950039412,Suite 77
554809160,Rodie,914695109,13th Floor
645881123,Rance,966817544,Room 790
687844637,Reina,655026550,Room 1303
975516429,Colene,734585407,8th Floor
231907320,Xymenes,830477206,Room 1675
237594955,Allx,106845837,PO Box 15728
409282753,Gilda,369902964,Suite 33
437992190,Loise,480389980,Room 853
673463824,Sela,841107860,Room 1468
515679320,Humfrid,885533141,Room 1746
635015172,Eric,445408409,6th Floor
415206803,Oswald,429911016,Apt 1955
577770458,Fanya,627747364,Apt 1836
927066057,Darlleen,543739017,Apt 1507
493729327,Tobey,991571061,9th Floor
984732769,Mandel,676492509,PO Box 44719
766493590,Jarid,121820019,Room 787
620710990,Travis,377397603,Apt 973
577979236,Davis,944335170,Room 93
941796611,Corly,124870386,8th Floor
906693900,Adrien,196857320,Room 617
553491767,Francisco,251791938,Suite 19
131764748,Silvan,292605657,12th Floor
770192823,Artur,775418513,PO Box 43702
822417977,Lauritz,501007928,18th Floor
416121982,Gerty,193663828,Apt 695
954412237,Hillel,514567260,Suite 9
271926143,Jami,519834627,Room 1560
377291872,Ugo,861153726,Room 1464
242050909,Tori,479240768,PO Box 78240
328478451,Georgianne,167241921,PO Box 25488
959898694,Sawyer,442673153,Room 571
451090737,Daffie,242213545,Suite 11
330370880,Sonia,480548676,Suite 23
219782527,Hammad,736965998,Suite 53
242420361,Cyrus,648260695,Apt 1922
602250169,Deidre,703334411,Suite 29
763647641,Susannah,853955996,20th Floor
559212250,Sollie,120687769,Room 61
873250790,Hannis,753113478,2nd Floor
127653033,Boothe,915004212,PO Box 96799
543150743,Natasha,674667385,Apt 770
644976950,Richmond,676029507,Suite 91
478625162,Barri,906265281,Suite 87
134064860,Zack,546487546,PO Box 10603
703414415,Vasili,260167104,Room 989
933063488,Curcio,622563946,Suite 56
567947029,Brnaby,922361934,Room 1791
359610696,Ramon,215655955,Apt 1813
439305140,Myron,747761393,Apt 1033
896816194,Melisse,118274820,PO Box 38710
436729567,Eden,383156615,Apt 2000
944573784,Wash,528790643,17th Floor
669238848,Abeu,776016047,20th Floor
245740885,Jean,335658974,Room 1684
685656123,Gwen,896690633,18th Floor
758491747,Mead,560487614,Room 1024
912348606,Bobbi,638608923,Apt 302
880155210,Madonna,795561192,Suite 80
648268513,Hartley,187498399,PO Box 61740
422688938,Saba,254728538,7th Floor
163503002,Calv,546276521,PO Box 68441
958439570,Hyman,638686075,Apt 1028
314394152,Wilbur,764060228,11th Floor
832523538,Abe,520059840,11th Floor
162365125,Jeremiah,819529825,PO Box 2701
768685222,Constantin,895592380,Apt 1630
665173328,Artemus,305828421,Room 1964
875767556,Terri,951843840,Room 551
673604342,Nolan,492895781,Room 841
835820329,Horten,351599636,Apt 255
470483544,Mord,682218448,Room 416
632360557,Windham,451776003,Suite 34
501450484,Stevie,666960112,Apt 1144
603998399,Louise,217265251,1st Floor
546771748,Dieter,204227518,Room 1111
331480128,Fredek,616635462,Apt 78
483520889,Marijo,341885591,Room 497
261400885,Poppy,705844884,Apt 103
82913112,Laurie,196474653,Apt 1528
501677591,Connie,774794768,PO Box 77503
424531352,Shawn,726311993,Apt 194
262355737,Shepherd,132441351,Room 1044
751789242,Dorian,132379813,PO Box 12529
230160617,Rick,133450744,Suite 22
471048208,Edeline,487738873,Suite 9
392408738,Harp,789822934,PO Box 13563
